City,Country,Population,Total Passengers,International Passengers,Cargo Traffic,Score,Has Traffic Data
New York,US,18972871,112427757,56000000,2400000,47437350,true
London,GB,11262000,124872675,61975000,2405000,47124199,true
Tokyo,JP,37732000,104873137,52500000,2310000,47048365,true
Paris,FR,11060000,92738772,75000000,2800000,46677007,true
Dubai,AE,3331420,65201088,65000000,3000000,35671659,true
Singapore,SG,5983000,51181804,54000000,2400000,30731824,true
Hong Kong,HK,7450000,51573131,50600000,2300000,29789850,true
Beijing,CN,18522000,80265885,39950000,2444000,29514442,true
Seoul,KR,23016000,58583599,57000000,2600000,27006936,true
Shanghai,CN,24073000,77134712,38220000,1372000,22386750,true
Los Angeles,US,12121244,84129635,40000000,1600000,21015816,true
Istanbul,TR,16079000,64500000,48000000,1800000,19524848,true
Chicago,US,8595181,86356630,43000000,1800000,19490632,true
Bangkok,TH,18007000,65800000,52000000,1200000,17988840,true
Washington,US,4810669,42038011,22000000,100000,16742771,true
Guangzhou,CN,26940000,43500000,8500000,1800000,13926240,true
Delhi,IN,32226000,59800000,15800000,950000,12633504,true
Miami,US,5711945,68626693,35000000,1200000,5051012,true
Moscow,RU,17332000,63888632,32000000,1000000,4931053,true
Jakarta,ID,33756000,57831462,28000000,700000,4746869,true
São Paulo,BR,23086000,59016229,29000000,800000,4573765,true
San Francisco,US,3290197,62736923,31000000,900000,4116346,true
Houston,US,5650910,50326484,25000000,400000,2782566,true
Mexico City,MX,21804000,48416008,20000000,80000,2600480,true
Rome,IT,2872800,44429929,18500000,50000,1658511,true
Mumbai,IN,24973000,0,0,0,998920,false
Manila,PH,24922000,0,0,0,996880,false
Cairo,EG,20296000,0,0,0,811840,false
Dhaka,BD,18627000,0,0,0,745080,false
Kolkāta,IN,18502000,0,0,0,740080,false
Shenzhen,CN,17619000,0,0,0,704760,false
Buenos Aires,AR,16710000,0,0,0,668400,false
Lagos,NG,16637000,0,0,0,665480,false
Karachi,PK,15738000,0,0,0,629520,false
Bangalore,IN,15386000,0,0,0,615440,false
Ho Chi Minh City,VN,15136000,0,0,0,605440,false
Ōsaka,JP,15126000,0,0,0,605040,false
Chengdu,CN,14645000,0,0,0,585800,false
Tehran,IR,14148000,0,0,0,565920,false
Kinshasa,CD,12836000,0,0,0,513440,false
Rio de Janeiro,BR,12592000,0,0,0,503680,false
Chennai,IN,12395000,0,0,0,495800,false
Xi’an,CN,12328000,0,0,0,493120,false
Lahore,PK,12306000,0,0,0,492240,false
Chongqing,CN,12135000,0,0,0,485400,false
Baoding,CN,11860000,0,0,0,474400,false
Linyi,CN,11018365,0,0,0,440735,false
Dongguan,CN,10646000,0,0,0,425840,false
Hyderābād,IN,10494000,0,0,0,419760,false
Tianjin,CN,10368000,0,0,0,414720,false
Lima,PE,10320000,0,0,0,412800,false
Wuhan,CN,10251000,0,0,0,410040,false
Nanyang,CN,10013600,0,0,0,400544,false
Hangzhou,CN,9523000,0,0,0,380920,false
Foshan,CN,9498863,0,0,0,379955,false
Nagoya,JP,9197000,0,0,0,367880,false
Tongshan,CN,9083790,0,0,0,363352,false
Taipei,TW,9078000,0,0,0,363120,false
Luanda,AO,9051000,0,0,0,362040,false
Zhoukou,CN,9026015,0,0,0,361041,false
Ganzhou,CN,8970014,0,0,0,358801,false
Kuala Lumpur,MY,8911000,0,0,0,356440,false
Heze,CN,8795939,0,0,0,351838,false
Quanzhou,CN,8782285,0,0,0,351291,false
Nanjing,CN,8422000,0,0,0,336880,false
Jining,CN,8357897,0,0,0,334316,false
Hanoi,VN,8246600,0,0,0,329864,false
Pune,IN,8231000,0,0,0,329240,false
Fuyang,CN,8200264,0,0,0,328011,false
Ahmedabad,IN,8009000,0,0,0,320360,false
Johannesburg,ZA,8000000,0,0,0,320000,false
Bogotá,CO,7968095,0,0,0,318724,false
Shenyang,CN,7964000,0,0,0,318560,false
Dar es Salaam,TZ,7962000,0,0,0,318480,false
Khartoum,SD,7869000,0,0,0,314760,false
Shangqiu,CN,7816831,0,0,0,312673,false
Cangzhou,CN,7544300,0,0,0,301772,false
Zhanjiang,CN,7332000,0,0,0,293280,false
Yancheng,CN,7260240,0,0,0,290410,false
Hengyang,CN,7243400,0,0,0,289736,false
Riyadh,SA,7237000,0,0,0,289480,false
Zhumadian,CN,7231234,0,0,0,289249,false
Santiago,CL,7171000,0,0,0,286840,false
Xingtai,CN,7111106,0,0,0,284444,false
Chattogram,BD,7000000,0,0,0,280000,false
Bijie,CN,6899636,0,0,0,275985,false
Shangrao,CN,6810700,0,0,0,272428,false
Zunyi,CN,6606675,0,0,0,264267,false
Sūrat,IN,6538000,0,0,0,261520,false
Surabaya,ID,6499000,0,0,0,259960,false
Huanggang,CN,6333000,0,0,0,253320,false
Maoming,CN,6313200,0,0,0,252528,false
Nanchong,CN,6278614,0,0,0,251145,false
Xinyang,CN,6234401,0,0,0,249376,false
Madrid,ES,6211000,0,0,0,248440,false
Baghdad,IQ,6183000,0,0,0,247320,false
Qujing,CN,6155400,0,0,0,246216,false
Jieyang,CN,6089400,0,0,0,243576,false
Prayagraj,IN,5954391,0,0,0,238176,false
Liaocheng,CN,5952128,0,0,0,238085,false
Dalian,CN,5871474,0,0,0,234859,false
Yulin,CN,5849700,0,0,0,233988,false
Changde,CN,5827200,0,0,0,233088,false
Qingdao,CN,5818255,0,0,0,232730,false
Douala,CM,5768400,0,0,0,230736,false
Nangandao,CN,5708191,0,0,0,228328,false
Pudong,CN,5681512,0,0,0,227260,false
Xiangyang,CN,5680000,0,0,0,227200,false
Dallas,US,5668165,0,0,0,226727,false
Zhengzhou,CN,5621593,0,0,0,224864,false
Lu’an,CN,5611701,0,0,0,224468,false
Dezhou,CN,5611194,0,0,0,224448,false
Jinan,CN,5606374,0,0,0,224255,false
Giza,EG,5598402,0,0,0,223936,false
Zhaotong,CN,5591000,0,0,0,223640,false
Nairobi,KE,5545000,0,0,0,221800,false
Guadalajara,MX,5525000,0,0,0,221000,false
Philadelphia,US,5512873,0,0,0,220515,false
Ankara,TR,5503985,0,0,0,220159,false
Tai’an,CN,5494207,0,0,0,219768,false
Dazhou,CN,5468097,0,0,0,218724,false
Langfang,CN,5464087,0,0,0,218563,false
Yongzhou,CN,5452100,0,0,0,218084,false
Toronto,CA,5429524,0,0,0,217181,false
Suihua,CN,5418153,0,0,0,216726,false
Saint Petersburg,RU,5384342,0,0,0,215374,false
Qiqihar,CN,5367003,0,0,0,214680,false
Monterrey,MX,5341171,0,0,0,213647,false
Belo Horizonte,BR,5328000,0,0,0,213120,false
Weinan,CN,5286077,0,0,0,211443,false
Rangoon,MM,5209541,0,0,0,208382,false
Zhangzhou,CN,5140000,0,0,0,205600,false
Yuncheng,CN,5134779,0,0,0,205391,false
Xianyang,CN,5096001,0,0,0,203840,false
Guilin,CN,5085500,0,0,0,203420,false
Atlanta,US,5046555,0,0,0,201862,false
Kāshān,IR,5000000,0,0,0,200000,false
Bozhou,CN,4996844,0,0,0,199874,false
Suqian,CN,4986192,0,0,0,199448,false
Abidjan,CI,4980000,0,0,0,199200,false
Huaihua,CN,4979600,0,0,0,199184,false
Ji’an,CN,4956600,0,0,0,198264,false
Xiaoganzhan,CN,4921000,0,0,0,196840,false
Pingdingshan,CN,4904701,0,0,0,196188,false
Jiujiang,CN,4896800,0,0,0,195872,false
Alexandria,EG,4870000,0,0,0,194800,false
Mianyang,CN,4868243,0,0,0,194730,false
Sydney,AU,4840600,0,0,0,193624,false
Huanglongsi,CN,4824016,0,0,0,192961,false
Barcelona,ES,4800000,0,0,0,192000,false
Changsha,CN,4766296,0,0,0,190652,false
Chenzhou,CN,4744500,0,0,0,189780,false
Anqing,CN,4723000,0,0,0,188920,false
Jiangmen,CN,4630300,0,0,0,185212,false
Xinpu,CN,4599360,0,0,0,183974,false
Yibin,CN,4588804,0,0,0,183552,false
Yangzhou,CN,4559797,0,0,0,182392,false
Melbourne,AU,4529500,0,0,0,181180,false
Berlin,DE,4473101,0,0,0,178924,false
Hengshui,CN,4472000,0,0,0,178880,false
Timbío,CO,4444444,0,0,0,177778,false
Kunming,CN,4422686,0,0,0,176907,false
Yiyang,CN,4413800,0,0,0,176552,false
Guigang,CN,4409200,0,0,0,176368,false
Changchun,CN,4408154,0,0,0,176326,false
Jiangguanchi,CN,4379998,0,0,0,175200,false
Meizhou,CN,4378800,0,0,0,175152,false
Casablanca,MA,4370000,0,0,0,174800,false
Zhangjiakou,CN,4345485,0,0,0,173819,false
Chifeng,CN,4341245,0,0,0,173650,false
Ürümqi,CN,4335017,0,0,0,173401,false
Suzhou,CN,4330000,0,0,0,173200,false
İzmir,TR,4320519,0,0,0,172821,false
Linfen,CN,4316610,0,0,0,172664,false
Shantou,CN,4312192,0,0,0,172488,false
Kabul,AF,4273156,0,0,0,170926,false
Mogadishu,SO,4249083,0,0,0,169963,false
Luzhou,CN,4218427,0,0,0,168737,false
Hefei,CN,4216940,0,0,0,168678,false
Boston,US,4208580,0,0,0,168343,false
Liuzhou,CN,4157934,0,0,0,166317,false
Zhaoqing,CN,4151700,0,0,0,166068,false
Xiaoxita,CN,4137900,0,0,0,165516,false
Shijiazhuang,CN,4098243,0,0,0,163930,false
Ningbo,CN,4087523,0,0,0,163501,false
Phoenix,US,4047095,0,0,0,161884,false
Zhuzhou,CN,4020800,0,0,0,160832,false
Amman,JO,4007526,0,0,0,160301,false
Chuzhou,CN,3987054,0,0,0,159482,false
Jeddah,SA,3976000,0,0,0,159040,false
Qingyuan,CN,3969473,0,0,0,158779,false
Loudi,CN,3931800,0,0,0,157272,false
Binzhou,CN,3928568,0,0,0,157143,false
Deyang,CN,3877000,0,0,0,155080,false
Taiyuan,CN,3875053,0,0,0,155002,false
Kano,NG,3848885,0,0,0,153955,false
Wuhu,CN,3842100,0,0,0,153684,false
Nanning,CN,3837978,0,0,0,153519,false
Harbin,CN,3830000,0,0,0,153200,false
Abuja,NG,3770000,0,0,0,150800,false
Yokohama,JP,3757630,0,0,0,150305,false
Baojishi,CN,3738700,0,0,0,149548,false
Zaozhuang,CN,3729140,0,0,0,149166,false
Xiamen,CN,3707090,0,0,0,148284,false
Neijiang,CN,3702847,0,0,0,148114,false
Fuzhou,CN,3671192,0,0,0,146848,false
Anshan,CN,3645884,0,0,0,145835,false
Yulinshi,CN,3634750,0,0,0,145390,false
Medan,ID,3632000,0,0,0,145280,false
Wenzhou,CN,3604446,0,0,0,144178,false
Changzhou,CN,3601079,0,0,0,144043,false
Puyang,CN,3598740,0,0,0,143950,false
Jiaozuo,CN,3590700,0,0,0,143628,false
Nanchang,CN,3576547,0,0,0,143062,false
Ibadan,NG,3552000,0,0,0,142080,false
Hechi,CN,3545700,0,0,0,141828,false
Detroit,US,3522856,0,0,0,140914,false
Montréal,CA,3519595,0,0,0,140784,false
Busan,KR,3453198,0,0,0,138128,false
Hohhot,CN,3446100,0,0,0,137844,false
Seattle,US,3438221,0,0,0,137529,false
Hanzhong,CN,3416196,0,0,0,136648,false
Algiers,DZ,3415811,0,0,0,136632,false
Tangshan,CN,3399231,0,0,0,135969,false
Shiyan,CN,3398000,0,0,0,135920,false
Siping,CN,3385156,0,0,0,135406,false
Lucknow,IN,3382000,0,0,0,135280,false
Mashhad,IR,3372090,0,0,0,134884,false
Boankra,GH,3348000,0,0,0,133920,false
Changzhi,CN,3334565,0,0,0,133383,false
Qinzhou,CN,3304400,0,0,0,132176,false
Guiyang,CN,3299724,0,0,0,131989,false
Bengbu,CN,3296408,0,0,0,131856,false
Bazhou,CN,3283148,0,0,0,131326,false
Qincheng,CN,3262549,0,0,0,130502,false
Suining,CN,3252619,0,0,0,130105,false
Wuxi,CN,3245179,0,0,0,129807,false
Leshan,CN,3235759,0,0,0,129430,false
Putian,CN,3210714,0,0,0,128429,false
Zhenjiang,CN,3210418,0,0,0,128417,false
Guang’an,CN,3205476,0,0,0,128219,false
Faisalabad,PK,3203846,0,0,0,128154,false
Tongren,CN,3168800,0,0,0,126752,false
Santa Cruz,BO,3151676,0,0,0,126067,false
Qinhuangdao,CN,3146300,0,0,0,125852,false
Tongliao,CN,3139153,0,0,0,125566,false
Jinzhou,CN,3126463,0,0,0,125059,false
Heyuan,CN,3093900,0,0,0,123756,false
San Diego,US,3084174,0,0,0,123367,false
Jaipur,IN,3073350,0,0,0,122934,false
Xinzhou,CN,3067501,0,0,0,122700,false
Lanzhou,CN,3067141,0,0,0,122686,false
Wuzhou,CN,3061100,0,0,0,122444,false
Chaoyang,CN,3044641,0,0,0,121786,false
Athens,GR,3041131,0,0,0,121645,false
Addis Ababa,ET,3041002,0,0,0,121640,false
Brasília,BR,3039444,0,0,0,121578,false
Taichung,TW,3033885,0,0,0,121355,false
Kuwait City,KW,3000000,0,0,0,120000,false
Budapest,HU,2997958,0,0,0,119918,false
Shaoguan,CN,2997600,0,0,0,119904,false
Shanwei,CN,2993600,0,0,0,119744,false
Rizhao,CN,2968365,0,0,0,118735,false
Kyiv,UA,2963199,0,0,0,118528,false
Quezon City,PH,2960048,0,0,0,118402,false
Sanaa,YE,2957000,0,0,0,118280,false
Incheon,KR,2936117,0,0,0,117445,false
Guatemala City,GT,2934841,0,0,0,117394,false
Birmingham,GB,2919600,0,0,0,116784,false
Ningde,CN,2910000,0,0,0,116400,false
Zhongshan,CN,2909633,0,0,0,116385,false
Weihai,CN,2906548,0,0,0,116262,false
Daqing,CN,2904532,0,0,0,116181,false
Bursa,TR,2901396,0,0,0,116056,false
Salvador,BR,2886698,0,0,0,115468,false
Haikou,CN,2873358,0,0,0,114934,false
La Paz,BO,2867504,0,0,0,114700,false
Xiangtan,CN,2864800,0,0,0,114592,false
Pyongyang,KP,2863000,0,0,0,114520,false
Minneapolis,US,2856952,0,0,0,114278,false
Omdurman,SD,2805396,0,0,0,112216,false
Mudanjiang,CN,2798723,0,0,0,111949,false
Malang,ID,2795209,0,0,0,111808,false
Stuttgart,DE,2787724,0,0,0,111509,false
Brooklyn,US,2736074,0,0,0,109443,false
Kaohsiung,TW,2733566,0,0,0,109343,false
Guayaquil,EC,2723665,0,0,0,108947,false
Longyan,CN,2723637,0,0,0,108945,false
Lisbon,PT,2719000,0,0,0,108760,false
Tieling,CN,2717732,0,0,0,108709,false
Baotou,CN,2709378,0,0,0,108375,false
Handan,CN,2708015,0,0,0,108321,false
Manchester,GB,2705000,0,0,0,108200,false
Cawnpore,IN,2701324,0,0,0,108053,false
Dingxi,CN,2698624,0,0,0,107945,false
Nanping,CN,2690000,0,0,0,107600,false
Tampa,US,2683956,0,0,0,107358,false
Zigong,CN,2678899,0,0,0,107156,false
Maracaibo,VE,2658355,0,0,0,106334,false
Chaozhou,CN,2656600,0,0,0,106264,false
Denver,US,2650725,0,0,0,106029,false
Mbuji-Mayi,CD,2643000,0,0,0,105720,false
Weifang,CN,2636154,0,0,0,105446,false
Huai’an,CN,2632788,0,0,0,105312,false
Zibo,CN,2631647,0,0,0,105266,false
Ankang,CN,2629906,0,0,0,105196,false
Baoshan,CN,2627000,0,0,0,105080,false
Huludao,CN,2623541,0,0,0,104942,false
Antananarivo,MG,2610000,0,0,0,104400,false
Munich,DE,2606021,0,0,0,104241,false
Gulou,CN,2606000,0,0,0,104240,false
Yanjiang,CN,2593843,0,0,0,103754,false
Santo Domingo,DO,2581827,0,0,0,103273,false
Sanming,CN,2580000,0,0,0,103200,false
Tashkent,UZ,2571668,0,0,0,102867,false
Longba,CN,2567718,0,0,0,102709,false
Yangjiang,CN,2555600,0,0,0,102224,false
Jiamusi,CN,2552097,0,0,0,102084,false
Luohe,CN,2544266,0,0,0,101771,false
Lincang,CN,2536000,0,0,0,101440,false
Xuanzhou,CN,2532938,0,0,0,101318,false
Medellín,CO,2529403,0,0,0,101176,false
Yunfu,CN,2526900,0,0,0,101076,false
Shaoxing,CN,2521964,0,0,0,100879,false
Yantai,CN,2511053,0,0,0,100442,false
Huizhou,CN,2509243,0,0,0,100370,false
Lishui,CN,2507396,0,0,0,100296,false
Mirzāpur,IN,2496970,0,0,0,99879,false
Hamburg,DE,2484800,0,0,0,99392,false
Guangyuan,CN,2484122,0,0,0,99365,false
Huangshi,CN,2471700,0,0,0,98868,false
Cali,CO,2471474,0,0,0,98859,false
Xining,CN,2467965,0,0,0,98719,false
Lusaka,ZM,2467563,0,0,0,98703,false
Daegu,KR,2461002,0,0,0,98440,false
Ouagadougou,BF,2453496,0,0,0,98140,false
Fortaleza,BR,2452185,0,0,0,98087,false
Dandong,CN,2444697,0,0,0,97788,false
Yaoundé,CM,2440462,0,0,0,97618,false
Zhuhai,CN,2439585,0,0,0,97583,false
Yingkou,CN,2428534,0,0,0,97141,false
Antalya,TR,2426356,0,0,0,97054,false
Lianshan,CN,2426000,0,0,0,97040,false
Nāgpur,IN,2405665,0,0,0,96227,false
Queens,US,2405464,0,0,0,96219,false
Jilin,CN,2396000,0,0,0,95840,false
Accra,GH,2388000,0,0,0,95520,false
Yuxi,CN,2386000,0,0,0,95440,false
Bekasi,ID,2381053,0,0,0,95242,false
Ghāziābād,IN,2375820,0,0,0,95033,false
Luoyang,CN,2372571,0,0,0,94903,false
Brisbane,AU,2360241,0,0,0,94410,false
Anshun,CN,2353100,0,0,0,94124,false
Shangzhou,CN,2341742,0,0,0,93670,false
Huainan,CN,2333896,0,0,0,93356,false
Depok,ID,2330333,0,0,0,93213,false
Kuaidamao,CN,2324439,0,0,0,92978,false
Colombo,LK,2323826,0,0,0,92953,false
Baku,AZ,2300500,0,0,0,92020,false
Fukuoka,JP,2286000,0,0,0,91440,false
Yan’an,CN,2282581,0,0,0,91303,false
Jincheng,CN,2279146,0,0,0,91166,false
Vancouver,CA,2264823,0,0,0,90593,false
Nantong,CN,2261382,0,0,0,90455,false
Caracas,VE,2245744,0,0,0,89830,false
Tangerang,ID,2237006,0,0,0,89480,false
Sanmenxia,CN,2234018,0,0,0,89361,false
Laibin,CN,2233900,0,0,0,89356,false
Konya,TR,2232374,0,0,0,89295,false
Manaus,BR,2219580,0,0,0,88783,false
Eşfahān,IR,2219343,0,0,0,88774,false
Qinbaling,CN,2211191,0,0,0,88448,false
Baltimore,US,2205092,0,0,0,88204,false
Ma’anshan,CN,2202899,0,0,0,88116,false
Shengli,CN,2193518,0,0,0,87741,false
Gaoping,CN,2174000,0,0,0,86960,false
Taizhou,CN,2162461,0,0,0,86498,false
Las Vegas,US,2150373,0,0,0,86015,false
Harare,ZW,2150000,0,0,0,86000,false
Perth,AU,2141834,0,0,0,85673,false
Havana,CU,2141652,0,0,0,85666,false
Phnom Penh,KH,2129371,0,0,0,85175,false
Puning,CN,2118200,0,0,0,84728,false
Huaibei,CN,2114276,0,0,0,84571,false
Qingyang,CN,2111000,0,0,0,84440,false
Kowloon,HK,2108419,0,0,0,84337,false
Haiphong,VN,2103500,0,0,0,84140,false
Chongzuo,CN,2099400,0,0,0,83976,false
Rawalpindi,PK,2098231,0,0,0,83929,false
Yushan,CN,2092496,0,0,0,83700,false
St. Louis,US,2092481,0,0,0,83699,false
Hezhou,CN,2072600,0,0,0,82904,false
Kumasi,GH,2069350,0,0,0,82774,false
Pingliang,CN,2068033,0,0,0,82721,false
Vadodara,IN,2065771,0,0,0,82631,false
Portland,US,2036875,0,0,0,81475,false
Vishākhapatnam,IN,2035922,0,0,0,81437,false
Baicheng,CN,2032356,0,0,0,81294,false
Gaziantep,TR,2028563,0,0,0,81143,false
Gujranwala,PK,2027001,0,0,0,81080,false
Fushun,CN,2024000,0,0,0,80960,false
Riverside,US,2022285,0,0,0,80891,false
Quito,EC,2011388,0,0,0,80456,false
Minsk,BY,2009786,0,0,0,80391,false
Bamako,ML,2009109,0,0,0,80364,false
Tijuana,MX,2002000,0,0,0,80080,false
Bamenda,CM,2000000,0,0,0,80000,false
Boosaaso,SO,2000000,0,0,0,80000,false
Indore,IN,1994397,0,0,0,79776,false
Şanlıurfa,TR,1985753,0,0,0,79430,false
Karaj,IR,1973470,0,0,0,78939,false
Vienna,AT,1973403,0,0,0,78936,false
Kananga,CD,1971704,0,0,0,78868,false
Peshawar,PK,1970042,0,0,0,78802,false
Sapporo,JP,1961690,0,0,0,78468,false
Pingxiang,CN,1933200,0,0,0,77328,false
Ecatepec,MX,1929926,0,0,0,77197,false
Orlando,US,1927699,0,0,0,77108,false
Sacramento,US,1924167,0,0,0,76967,false
Almaty,KZ,1916822,0,0,0,76673,false
Aleppo,SY,1916781,0,0,0,76671,false
San Juan,PR,1915105,0,0,0,76604,false
San Antonio,US,1910785,0,0,0,76431,false
Yinchuan,CN,1901793,0,0,0,76072,false
Santos,BR,1897551,0,0,0,75902,false
Blantyre,MW,1895973,0,0,0,75839,false
Thāne,IN,1886941,0,0,0,75478,false
Bucharest,RO,1883425,0,0,0,75337,false
Curitiba,BR,1879355,0,0,0,75174,false
Tainan,TW,1874686,0,0,0,74987,false
Xiping,CN,1873000,0,0,0,74920,false
Multan,PK,1871843,0,0,0,74874,false
Port Harcourt,NG,1865000,0,0,0,74600,false
Jixi,CN,1862165,0,0,0,74487,false
Saidu Sharif,PK,1860310,0,0,0,74412,false
Warsaw,PL,1860281,0,0,0,74411,false
Liaoyang,CN,1858768,0,0,0,74351,false
Beihai,CN,1853227,0,0,0,74129,false
Meru,KE,1833000,0,0,0,73320,false
Brazzaville,CG,1827000,0,0,0,73080,false
Fuxin,CN,1819339,0,0,0,72774,false
Wuwei,CN,1815059,0,0,0,72602,false
Mersin,TR,1814468,0,0,0,72579,false
Bhopāl,IN,1798218,0,0,0,71929,false
Lubumbashi,CD,1786397,0,0,0,71456,false
Denpasar,ID,1779122,0,0,0,71165,false
Davao,PH,1776949,0,0,0,71078,false
Shuyangzha,CN,1770000,0,0,0,70800,false
Adana,TR,1765981,0,0,0,70639,false
Damascus,SY,1754000,0,0,0,70160,false
Brussels,BE,1743000,0,0,0,69720,false
Hyderabad City,PK,1732693,0,0,0,69308,false
Diyarbakır,TR,1732396,0,0,0,69296,false
San Jose,US,1729879,0,0,0,69195,false
Chinchvad,IN,1729320,0,0,0,69173,false
Pittsburgh,US,1720279,0,0,0,68811,false
Montevideo,UY,1719453,0,0,0,68778,false
Shuozhou,CN,1714857,0,0,0,68594,false
Cincinnati,US,1712287,0,0,0,68491,false
Benxi,CN,1709538,0,0,0,68382,false
Baiyin,CN,1708751,0,0,0,68350,false
Manhattan,US,1694263,0,0,0,67771,false
Mosul,IQ,1694000,0,0,0,67760,false
Patna,IN,1684222,0,0,0,67369,false
Cleveland,US,1683059,0,0,0,67322,false
Tegucigalpa,HN,1682725,0,0,0,67309,false
Kampala,UG,1680600,0,0,0,67224,false
Sanzhou,CN,1680000,0,0,0,67200,false
Changshu,CN,1677050,0,0,0,67082,false
Mecca,SA,1675368,0,0,0,67015,false
Heihe,CN,1673899,0,0,0,66956,false
Jingdezhen,CN,1673200,0,0,0,66928,false
Conakry,GN,1667864,0,0,0,66715,false
Caloocan City,PH,1661584,0,0,0,66463,false
Indianapolis,US,1659305,0,0,0,66372,false
Austin,US,1659251,0,0,0,66370,false
Recife,BR,1653461,0,0,0,66138,false
Sangereng,ID,1644899,0,0,0,65796,false
Kansas City,US,1644497,0,0,0,65780,false
Zhongli,TW,1632616,0,0,0,65305,false
Novosibirsk,RU,1625631,0,0,0,65025,false
Bilāspur,IN,1625502,0,0,0,65020,false
Semarang,ID,1621384,0,0,0,64855,false
Ludhiāna,IN,1618879,0,0,0,64755,false
Stockholm,SE,1611776,0,0,0,64471,false
Chengtangcun,CN,1603659,0,0,0,64146,false
Balandougou,ML,1596882,0,0,0,63875,false
Āgra,IN,1585704,0,0,0,63428,false
Agwār,IN,1585705,0,0,0,63428,false
León de los Aldama,MX,1579803,0,0,0,63192,false
Puebla,MX,1576259,0,0,0,63050,false
Nārāyanganj,BD,1572386,0,0,0,62895,false
Yopougon,CI,1571065,0,0,0,62843,false
Hebi,CN,1569208,0,0,0,62768,false
Shīrāz,IR,1565572,0,0,0,62623,false
Córdoba,AR,1565112,0,0,0,62604,false
Madurai,IN,1561129,0,0,0,62445,false
Huzhou,CN,1558826,0,0,0,62353,false
Tabrīz,IR,1558693,0,0,0,62348,false
Jamshedpur,IN,1558000,0,0,0,62320,false
Columbus,US,1556848,0,0,0,62274,false
Sofia,BG,1547779,0,0,0,61911,false
San José,CR,1543000,0,0,0,61720,false
Kawasaki,JP,1539522,0,0,0,61581,false
Zhangjiajie,CN,1537900,0,0,0,61516,false
Palembang,ID,1535952,0,0,0,61438,false
Aba,NG,1530000,0,0,0,61200,false
Kōbe,JP,1521707,0,0,0,60868,false
Jiaxing,CN,1518654,0,0,0,60746,false
Charlotte,US,1516107,0,0,0,60644,false
Guiping,CN,1511011,0,0,0,60440,false
Lianjiang,CN,1509400,0,0,0,60376,false
Ximeicun,CN,1508000,0,0,0,60320,false
Jianguang,CN,1507402,0,0,0,60296,false
Yucheng,CN,1507258,0,0,0,60290,false
Xushan,CN,1502000,0,0,0,60080,false
Virginia Beach,US,1500764,0,0,0,60031,false
Panama City,PA,1500189,0,0,0,60008,false
Belém,BR,1499641,0,0,0,59986,false
Leizhou,CN,1494700,0,0,0,59788,false
Gwangju,KR,1490092,0,0,0,59604,false
Nāsik,IN,1486053,0,0,0,59442,false
Porto Alegre,BR,1484941,0,0,0,59398,false
Valencia,VE,1484430,0,0,0,59377,false
Onitsha,NG,1483000,0,0,0,59320,false
Abu Dhabi,AE,1483000,0,0,0,59320,false
Zapopan,MX,1476491,0,0,0,59060,false
Daejeon,KR,1475221,0,0,0,59009,false
Bronx,US,1472654,0,0,0,58906,false
Yekaterinburg,RU,1468833,0,0,0,58753,false
Kyōto,JP,1464890,0,0,0,58596,false
Jinhua,CN,1463990,0,0,0,58560,false
Shuangyashan,CN,1462626,0,0,0,58505,false
Amsterdam,NL,1459402,0,0,0,58376,false
Pizhou,CN,1458038,0,0,0,58322,false
El Kelaa des Srarhna,MA,1450021,0,0,0,58001,false
Kharkiv,UA,1446107,0,0,0,57844,false
Dakar,SN,1438725,0,0,0,57549,false
Yangshe,CN,1432044,0,0,0,57282,false
Guyuan,CN,1426000,0,0,0,57040,false
Rui’an,CN,1424667,0,0,0,56987,false
Muscat,OM,1421409,0,0,0,56856,false
Wenling,CN,1416199,0,0,0,56648,false
Gaozhou,CN,1414100,0,0,0,56564,false
Farīdābād,IN,1404653,0,0,0,56186,false
Chizhou,CN,1402518,0,0,0,56101,false
Khulna,BD,1400689,0,0,0,56028,false
Ulaanbaatar,MN,1396288,0,0,0,55852,false
Goiânia,BR,1393575,0,0,0,55743,false
Fuqing,CN,1390487,0,0,0,55619,false
Kayseri,TR,1389680,0,0,0,55587,false
Tel Aviv-Yafo,IL,1388400,0,0,0,55536,false
Wuzhong,CN,1382713,0,0,0,55309,false
Pingdu,CN,1378900,0,0,0,55156,false
Belgrade,RS,1378682,0,0,0,55147,false
Aurangābād,IN,1371330,0,0,0,54853,false
Yangquan,CN,1368502,0,0,0,54740,false
Yutan,CN,1368117,0,0,0,54725,false
Copenhagen,DK,1366301,0,0,0,54652,false
Milan,IT,1366180,0,0,0,54647,false
Huangshan,CN,1358980,0,0,0,54359,false
Auckland,NZ,1346091,0,0,0,53844,false
Santiago,DO,1343423,0,0,0,53737,false
Milwaukee,US,1340981,0,0,0,53639,false
Makassar,ID,1338663,0,0,0,53547,false
Liangshi,CN,1335900,0,0,0,53436,false
Samsun,TR,1335716,0,0,0,53429,false
Rājkot,IN,1335397,0,0,0,53416,false
Prague,CZ,1335084,0,0,0,53403,false
Barranquilla,CO,1326588,0,0,0,53064,false
Al Başrah,IQ,1326564,0,0,0,53063,false
Saitama,JP,1325843,0,0,0,53034,false
Guarulhos,BR,1324781,0,0,0,52991,false
Juárez,MX,1321004,0,0,0,52840,false
Mandalay,MM,1319452,0,0,0,52778,false
Xintai,CN,1315942,0,0,0,52638,false
Wusong,CN,1311726,0,0,0,52469,false
Meerut,IN,1305429,0,0,0,52217,false
Yushu,CN,1304436,0,0,0,52177,false
Huazhou,CN,1302100,0,0,0,52084,false
Baishan,CN,1296127,0,0,0,51845,false
Dayan,CN,1296000,0,0,0,51840,false
Adelaide,AU,1295714,0,0,0,51829,false
Haicheng,CN,1293877,0,0,0,51755,false
Tripoli,LY,1293016,0,0,0,51721,false
Jiangyin,CN,1285785,0,0,0,51431,false
Yicheng,CN,1285785,0,0,0,51431,false
Cacuaco,AO,1279488,0,0,0,51180,false
Porto,PT,1278210,0,0,0,51128,false
Rosario,AR,1276000,0,0,0,51040,false
Canagatan,PH,1273219,0,0,0,50929,false
Soweto,ZA,1271628,0,0,0,50865,false
Providence,US,1270149,0,0,0,50806,false
Helsinki,FI,1268296,0,0,0,50732,false
Jabalpur,IN,1267564,0,0,0,50703,false
Rucheng,CN,1267066,0,0,0,50683,false
Nizhniy Novgorod,RU,1264075,0,0,0,50563,false
Huaiyin,CN,1264000,0,0,0,50560,false
Ahvāz,IR,1261042,0,0,0,50442,false
Jepara,ID,1257912,0,0,0,50316,false
Shaoyang,CN,1253548,0,0,0,50142,false
Comayagüela,HN,1250000,0,0,0,50000,false
Laiwu,CN,1248636,0,0,0,49945,false
Sharjah,AE,1247749,0,0,0,49910,false
Jingling,CN,1247400,0,0,0,49896,false
Kalamboli,IN,1246381,0,0,0,49855,false
Kazan,RU,1243500,0,0,0,49740,false
Yongcheng,CN,1240382,0,0,0,49615,false
Sumedang,ID,1240000,0,0,0,49600,false
Calgary,CA,1239220,0,0,0,49569,false
Cần Thơ,VN,1237300,0,0,0,49492,false
Suwon,KR,1234300,0,0,0,49372,false
Yiwu,CN,1234015,0,0,0,49361,false
Bagam,ID,1230097,0,0,0,49204,false
Beidao,CN,1225000,0,0,0,49000,false
Vasai,IN,1222390,0,0,0,48896,false
Xiangshui,CN,1221000,0,0,0,48840,false
Jacksonville,US,1220191,0,0,0,48808,false
Akçaabat,TR,1215351,0,0,0,48614,false
Dadukou,CN,1214121,0,0,0,48565,false
Campinas,BR,1213792,0,0,0,48552,false
Lingcheng,CN,1211637,0,0,0,48465,false
Vila Velha,BR,1209091,0,0,0,48364,false
Mombasa,KE,1208333,0,0,0,48333,false
Najafgarh,IN,1203180,0,0,0,48127,false
Xinyu,CN,1202499,0,0,0,48100,false
Chelyabinsk,RU,1202371,0,0,0,48095,false
Qom,IR,1201158,0,0,0,48046,false
Hargeysa,SO,1200000,0,0,0,48000,false
Zhangye,CN,1199515,0,0,0,47981,false
Gāzipura,BD,1199215,0,0,0,47969,false
Vārānasi,IN,1198491,0,0,0,47940,false
Hiroshima,JP,1198021,0,0,0,47921,false
Chiang Mai,TH,1198000,0,0,0,47920,false
Maiduguri,NG,1197497,0,0,0,47900,false
Maputo,MZ,1191613,0,0,0,47665,false
Mbandaka,CD,1187837,0,0,0,47513,false
Doha,QA,1186023,0,0,0,47441,false
Medina,SA,1180770,0,0,0,47231,false
Srīnagar,IN,1180570,0,0,0,47223,false
Omsk,RU,1178391,0,0,0,47136,false
Liaoyuan,CN,1176239,0,0,0,47050,false
Yingtan,CN,1175000,0,0,0,47000,false
Cilacap,ID,1174964,0,0,0,46999,false
Dublin,IE,1173179,0,0,0,46927,false
Pikine,SN,1170791,0,0,0,46832,false
Samara,RU,1169719,0,0,0,46789,false
Guankou,CN,1168056,0,0,0,46722,false
Bandar Lampung,ID,1166761,0,0,0,46670,false
Ulsan,KR,1166033,0,0,0,46641,false
Dingzhou,CN,1165182,0,0,0,46607,false
Lianyuan,CN,1162928,0,0,0,46517,false
Rongcheng,CN,1162770,0,0,0,46511,false
Dhanbād,IN,1162472,0,0,0,46499,false
Nay Pyi Taw,MM,1160242,0,0,0,46410,false
Kaiyuan,CN,1160000,0,0,0,46400,false
Zhuji,CN,1157938,0,0,0,46318,false
Kigali,RW,1156663,0,0,0,46267,false
Leiyang,CN,1151554,0,0,0,46062,false
Yichun,CN,1148126,0,0,0,45925,false
Benin City,NG,1147188,0,0,0,45888,false
Bafoussam,CM,1146000,0,0,0,45840,false
Xiantao,CN,1140100,0,0,0,45604,false
Rostov,RU,1137704,0,0,0,45508,false
Salt Lake City,US,1135344,0,0,0,45414,false
Bukavu,CD,1133000,0,0,0,45320,false
Amritsar,IN,1132383,0,0,0,45295,false
Shagamu,NG,1132270,0,0,0,45291,false
Yingchuan,CN,1131896,0,0,0,45276,false
Alīgarh,IN,1131160,0,0,0,45246,false
Callao,PE,1129854,0,0,0,45194,false
Tbilisi,GE,1118035,0,0,0,44721,false
Guwāhāti,IN,1116267,0,0,0,44651,false
Ufa,RU,1115560,0,0,0,44622,false
Fès,MA,1112072,0,0,0,44483,false
Ciudad Nezahualcóyotl,MX,1109363,0,0,0,44375,false
São Luís,BR,1108975,0,0,0,44359,false
Biên Hòa,VN,1104000,0,0,0,44160,false
Mexicali,MX,1102342,0,0,0,44094,false
Sevilla,ES,1100000,0,0,0,44000,false
Ikare,NG,1099931,0,0,0,43997,false
Nashville,US,1098486,0,0,0,43939,false
Xibeijie,CN,1095947,0,0,0,43838,false
Tamale,GH,1095808,0,0,0,43832,false
Yuyao,CN,1095000,0,0,0,43800,false
Hanchuan,CN,1092700,0,0,0,43708,false
Gongzhuling,CN,1092692,0,0,0,43708,false
N’Djamena,TD,1092066,0,0,0,43683,false
Krasnoyarsk,RU,1083865,0,0,0,43355,false
Cologne,DE,1083498,0,0,0,43340,false
Zhufeng,CN,1081960,0,0,0,43278,false
Ezhou,CN,1079353,0,0,0,43174,false
Nur-Sultan,KZ,1078362,0,0,0,43134,false
São Gonçalo,BR,1077687,0,0,0,43107,false
Nezahualcóyotl,MX,1077208,0,0,0,43088,false
Nouakchott,MR,1077169,0,0,0,43087,false
Hāora,IN,1077075,0,0,0,43083,false
Tongjin,KR,1076369,0,0,0,43055,false
Xiashi,CN,1076199,0,0,0,43048,false
Yerevan,AM,1075800,0,0,0,43032,false
Bujumbura,BI,1075000,0,0,0,43000,false
Bishkek,KG,1074075,0,0,0,42963,false
Vereeniging,ZA,1074000,0,0,0,42960,false
Taixing,CN,1073921,0,0,0,42957,false
Rānchi,IN,1073440,0,0,0,42938,false
Gwalior,IN,1069276,0,0,0,42771,false
Zhongwei,CN,1067336,0,0,0,42693,false
Oslo,NO,1064235,0,0,0,42569,false
Edmonton,CA,1062643,0,0,0,42506,false
Raleigh,US,1062018,0,0,0,42481,false
Goyang,KR,1061929,0,0,0,42477,false
Sendai,JP,1061177,0,0,0,42447,false
Mizhou,CN,1060000,0,0,0,42400,false
Xishan,CN,1060000,0,0,0,42400,false
Barquisimeto,VE,1059092,0,0,0,42364,false
Hegang,CN,1058665,0,0,0,42347,false
Tunis,TN,1056247,0,0,0,42250,false
Chandīgarh,IN,1055450,0,0,0,42218,false
Voronezh,RU,1050602,0,0,0,42024,false
Vijayavāda,IN,1048240,0,0,0,41930,false
Perm,RU,1048005,0,0,0,41920,false
Fangchenggang,CN,1046068,0,0,0,41843,false
Changwon,KR,1046054,0,0,0,41842,false
Shouguang,CN,1039205,0,0,0,41568,false
Cartagena,CO,1036412,0,0,0,41456,false
Memphis,US,1034498,0,0,0,41380,false
Jodhpur,IN,1033918,0,0,0,41357,false
Matola,MZ,1032197,0,0,0,41288,false
Ogbomoso,NG,1032000,0,0,0,41280,false
Rangapukur,BD,1031388,0,0,0,41256,false
Sanya,CN,1031396,0,0,0,41256,false
Bogor,ID,1030720,0,0,0,41229,false
Wutong,CN,1029754,0,0,0,41190,false
Linhai,CN,1028813,0,0,0,41153,false
Managua,NI,1028808,0,0,0,41152,false
Shymkent,KZ,1028673,0,0,0,41147,false
Denizli,TR,1027782,0,0,0,41111,false
Niamey,NE,1026848,0,0,0,41074,false
Shubrā al Khaymah,EG,1025569,0,0,0,41023,false
Maceió,BR,1025360,0,0,0,41014,false
Wafangdian,CN,1024876,0,0,0,40995,false
Louisville,US,1022630,0,0,0,40905,false
Zhongxiang,CN,1022514,0,0,0,40901,false
Monrovia,LR,1021762,0,0,0,40870,false
Odesa,UA,1017699,0,0,0,40708,false
Volgograd,RU,1015586,0,0,0,40623,false
Islamabad,PK,1014825,0,0,0,40593,false
Xinyi,CN,1013900,0,0,0,40556,false
Thủ Đức,VN,1013795,0,0,0,40552,false
Raipur,IN,1010087,0,0,0,40403,false
Arequipa,PE,1008290,0,0,0,40332,false
Richmond,US,1008069,0,0,0,40323,false
Zaoyang,CN,1004741,0,0,0,40190,false
Buffalo,US,1004655,0,0,0,40186,false
Xingyi,CN,1004132,0,0,0,40165,false
Shuizhai,CN,1003698,0,0,0,40148,false
Kota,IN,1001694,0,0,0,40068,false
Quetta,PK,1001205,0,0,0,40048,false
Bareilly,IN,1000000,0,0,0,40000,false
Quảng Hà,VN,1000000,0,0,0,40000,false
Domaa-Ahenkro,GH,1000000,0,0,0,40000,false
Oklahoma City,US,994284,0,0,0,39771,false
Xingcheng,CN,993000,0,0,0,39720,false
Dongtai,CN,990306,0,0,0,39612,false
Ottawa,CA,989567,0,0,0,39583,false
Lilongwe,MW,989318,0,0,0,39573,false
Port-au-Prince,HT,987310,0,0,0,39492,false
Yingcheng,CN,986400,0,0,0,39456,false
Al Mijlad,SD,985000,0,0,0,39400,false
Luocheng,CN,984100,0,0,0,39364,false
Pekanbaru,ID,983356,0,0,0,39334,false
Chiba,JP,981738,0,0,0,39270,false
Dnipro,UA,980948,0,0,0,39238,false
Godē,ET,980782,0,0,0,39231,false
Danyang,CN,980662,0,0,0,39226,false
Nada,CN,977700,0,0,0,39108,false
Zamboanga City,PH,977234,0,0,0,39089,false
Kathmandu,NP,975453,0,0,0,39018,false
Bridgeport,US,975078,0,0,0,39003,false
Kirkuk,IQ,975000,0,0,0,39000,false
Huilong,CN,972525,0,0,0,38901,false
Wuchuan,CN,972400,0,0,0,38896,false
Málaga,ES,967250,0,0,0,38690,false
Naples,IT,966144,0,0,0,38646,false
Cebu City,PH,964169,0,0,0,38567,false
Asmara,ER,963000,0,0,0,38520,false
Morelia,MX,962555,0,0,0,38502,false
Al Manşūrah,EG,960423,0,0,0,38417,false
Coimbatore,IN,959823,0,0,0,38393,false
Taishan,CN,953900,0,0,0,38156,false
Teresina,BR,953172,0,0,0,38127,false
Kermānshāh,IR,952285,0,0,0,38091,false
Solāpur,IN,951558,0,0,0,38062,false
Freetown,SL,951000,0,0,0,38040,false
Baidoa,SO,950000,0,0,0,38000,false
Gaalkacyo,SO,950000,0,0,0,38000,false
Santo Domingo Este,DO,948855,0,0,0,37954,false
Krasnodar,RU,948827,0,0,0,37953,false
Sŏngnam,KR,948757,0,0,0,37950,false
Vientiane,LA,948487,0,0,0,37939,false
Tangier,MA,947952,0,0,0,37918,false
Anqiu,CN,947723,0,0,0,37909,false
Feicheng,CN,946627,0,0,0,37865,false
Seberang Jaya,MY,946092,0,0,0,37844,false
El Alto,BO,943000,0,0,0,37720,false
Setagaya,JP,940509,0,0,0,37620,false
Khartoum North,SD,936349,0,0,0,37454,false
Meishan,CN,936000,0,0,0,37440,false
Kisangani,CD,935977,0,0,0,37439,false
Kitakyūshū,JP,935084,0,0,0,37403,false
Aguascalientes,MX,934424,0,0,0,37377,false
Donetsk,UA,929063,0,0,0,37163,false
Marrakech,MA,928850,0,0,0,37154,false
New Orleans,US,925443,0,0,0,37018,false
Taihe,CN,924531,0,0,0,36981,false
Riga,LV,920643,0,0,0,36826,false
Xin’an,CN,920628,0,0,0,36825,false
Taihecun,CN,920471,0,0,0,36819,false
Kashgar,CN,920000,0,0,0,36800,false
Trujillo,PE,919899,0,0,0,36796,false
Jerusalem,IL,919438,0,0,0,36778,false
Santiago de Cuba,CU,917340,0,0,0,36694,false
Trichinopoly,IN,916857,0,0,0,36674,false
Padang,ID,914970,0,0,0,36599,false
Çankaya,TR,914501,0,0,0,36580,false
Qingzhou,CN,914047,0,0,0,36562,false
Lichuan,CN,913700,0,0,0,36548,false
Naucalpan de Juárez,MX,913681,0,0,0,36547,false
Santiago del Estero,AR,911506,0,0,0,36460,false
Daye,CN,909724,0,0,0,36389,false
Fort Worth,US,908469,0,0,0,36339,false
Hengzhou,CN,908400,0,0,0,36336,false
Owerri,NG,908109,0,0,0,36324,false
Hartford,US,907046,0,0,0,36282,false
Campo Grande,BR,906092,0,0,0,36244,false
Zhuanghe,CN,905852,0,0,0,36234,false
Bobo-Dioulasso,BF,903887,0,0,0,36155,false
Ad Dammām,SA,903312,0,0,0,36132,false
Quzhou,CN,902767,0,0,0,36111,false
Lhasa,CN,902500,0,0,0,36100,false
Bunia,CD,900666,0,0,0,36027,false
Jiaozhou,CN,900500,0,0,0,36020,false
Mérida,MX,892363,0,0,0,35695,false
Yangchun,CN,891800,0,0,0,35672,false
Esenyurt,TR,891120,0,0,0,35645,false
Bangui,CF,889231,0,0,0,35569,false
Abeokuta,NG,888924,0,0,0,35557,false
Cancún,MX,888797,0,0,0,35552,false
Morādābād,IN,887871,0,0,0,35515,false
Antipolo,PH,887399,0,0,0,35496,false
Dengtalu,CN,887000,0,0,0,35480,false
Taguig City,PH,886722,0,0,0,35469,false
Zhoushan,CN,882932,0,0,0,35317,false
Tiruppūr,IN,877778,0,0,0,35111,false
Natal,BR,877662,0,0,0,35106,false
Bucheon,KR,867678,0,0,0,34707,false
Dushanbe,TJ,863400,0,0,0,34536,false
Lomé,TG,837437,0,0,0,33497,false
Ashgabat,TM,828100,0,0,0,33124,false
Zagreb,HR,809268,0,0,0,32371,false
Libreville,GA,797003,0,0,0,31880,false
Frankfurt,DE,764104,0,0,0,30564,false
Cotonou,BJ,762000,0,0,0,30480,false
Pretoria,ZA,741651,0,0,0,29666,false
Vilnius,LT,708203,0,0,0,28328,false
Winnipeg,CA,705244,0,0,0,28210,false
Quebec City,CA,705103,0,0,0,28204,false
Chisinau,MD,702300,0,0,0,28092,false
Port Moresby,PG,700000,0,0,0,28000,false
Skopje,MK,640000,0,0,0,25600,false
Djibouti,DJ,603900,0,0,0,24156,false
Gaza,XG,590481,0,0,0,23619,false
Kingston,JM,580000,0,0,0,23200,false
Rabat,MA,572717,0,0,0,22909,false
San Salvador,SV,567698,0,0,0,22708,false
The Hague,NL,548320,0,0,0,21933,false
Juba,SS,525953,0,0,0,21038,false
Asunción,PY,524190,0,0,0,20968,false
Maseru,LS,519186,0,0,0,20767,false
Bissau,GW,492004,0,0,0,19680,false
Valletta,MT,480134,0,0,0,19205,false
Bratislava,SK,475503,0,0,0,19020,false
Kitchener,CA,470015,0,0,0,18801,false
Tallinn,EE,438341,0,0,0,17534,false
Manama,BH,436000,0,0,0,17440,false
Cape Town,ZA,433688,0,0,0,17348,false
Sarajevo,BA,419957,0,0,0,16798,false
Tirana,AL,418495,0,0,0,16740,false
Wellington,NZ,418500,0,0,0,16740,false
Banjul,GM,413397,0,0,0,16536,false
Halifax,CA,403131,0,0,0,16125,false
Canberra,AU,381488,0,0,0,15260,false
Beirut,LB,361366,0,0,0,14455,false
Yamoussoukro,CI,355573,0,0,0,14223,false
Victoria,CA,335696,0,0,0,13428,false
Nicosia,CY,330000,0,0,0,13200,false
Windhoek,NA,322500,0,0,0,12900,false
Saint-Denis,RE,315080,0,0,0,12603,false
Porto-Novo,BJ,300000,0,0,0,12000,false
Sucre,BO,300000,0,0,0,12000,false
Ljubljana,SI,286745,0,0,0,11470,false
Nassau,BS,274400,0,0,0,10976,false
Bloemfontein,ZA,256185,0,0,0,10247,false
Fort-de-France,MQ,253995,0,0,0,10160,false
New Delhi,IN,249998,0,0,0,10000,false
Gaborone,BW,231626,0,0,0,9265,false
Paramaribo,SR,223757,0,0,0,8950,false
Dili,TL,222323,0,0,0,8893,false
Dodoma,TZ,213636,0,0,0,8545,false
Georgetown,GY,200500,0,0,0,8020,false
Malabo,GQ,187302,0,0,0,7492,false
Gibraltar,GI,187083,0,0,0,7483,false
Suva,FJ,185913,0,0,0,7437,false
Nouméa,NC,182341,0,0,0,7294,false
Pristina,XK,161751,0,0,0,6470,false
Podgorica,ME,150977,0,0,0,6039,false
Willemstad,CW,150000,0,0,0,6000,false
Port Louis,MU,149194,0,0,0,5968,false
Reykjavík,IS,135688,0,0,0,5428,false
Gitega,BI,135467,0,0,0,5419,false
Bern,CH,133883,0,0,0,5355,false
Male,MV,133019,0,0,0,5321,false
Luxembourg,LU,132780,0,0,0,5311,false
Papeete,PF,131695,0,0,0,5268,false
Praia,CV,127832,0,0,0,5113,false
Sri Jayewardenepura Kotte,LK,115826,0,0,0,4633,false
Moroni,KM,111329,0,0,0,4453,false
Bridgetown,BB,110000,0,0,0,4400,false
Thimphu,BT,104000,0,0,0,4160,false
Mbabane,SZ,94874,0,0,0,3795,false
Honiara,SB,84520,0,0,0,3381,false
Port of Spain,TT,81142,0,0,0,3246,false
Castries,LC,70000,0,0,0,2800,false
Putrajaya,MY,67964,0,0,0,2719,false
Cayenne,GF,61550,0,0,0,2462,false
São Tomé,ST,56166,0,0,0,2247,false
Port-Vila,VU,51437,0,0,0,2057,false
Bandar Seri Begawan,BN,50000,0,0,0,2000,false
Apia,WS,37708,0,0,0,1508,false
Monaco,MC,36371,0,0,0,1455,false
Oranjestad,AW,34980,0,0,0,1399,false
Saint Helier,JE,33522,0,0,0,1341,false
Mamoudzou,YT,32057,0,0,0,1282,false
Majuro,MH,30000,0,0,0,1200,false
Tarawa,KI,28802,0,0,0,1152,false
Douglas,IM,27938,0,0,0,1118,false
George Town,KY,27704,0,0,0,1108,false
Victoria,SC,26450,0,0,0,1058,false
Kingstown,VC,25000,0,0,0,1000,false
Nuku‘alofa,TO,23221,0,0,0,929,false
Andorra la Vella,AD,22615,0,0,0,905,false
Saint John’s,AG,22219,0,0,0,889,false
Nuuk,GL,18326,0,0,0,733,false
Belmopan,BZ,17222,0,0,0,689,false
Roseau,DM,16582,0,0,0,663,false
Tórshavn,FO,13326,0,0,0,533,false
Basseterre,KN,13220,0,0,0,529,false
Road Town,VG,12603,0,0,0,504,false
Pago Pago,AS,12576,0,0,0,503,false
Palikir,FM,6227,0,0,0,249,false
Funafuti,TV,6025,0,0,0,241,false
Grand Turk,TC,5801,0,0,0,232,false
Lobamba,SZ,5800,0,0,0,232,false
Marigot,MF,5700,0,0,0,228,false
Vaduz,LI,5668,0,0,0,227,false
Avarua,CK,5445,0,0,0,218,false
Saint George’s,GD,4315,0,0,0,173,false
San Marino,SM,4040,0,0,0,162,false
Tifariti,MA,3000,0,0,0,120,false
Capitol Hill,MP,2500,0,0,0,100,false
Stanley,FK,2213,0,0,0,89,false
Philipsburg,SX,1894,0,0,0,76,false
Alofi,NU,1611,0,0,0,64,false
Hagåtña,GU,1051,0,0,0,42,false
Hamilton,BM,854,0,0,0,34,false
Vatican City,VA,825,0,0,0,33,false
Jamestown,SH,714,0,0,0,29,false
Brades,MS,391,0,0,0,16,false
Basse-Terre,GP,307,0,0,0,12,false
Ngerulmud,PW,271,0,0,0,11,false